cited_doi_suffix	year	title	doi	coverage
BF00383197	2019	The causal set approach to quantum gravity	https://doi.org/10.1007/s41114-019-0023-1	title screened only; no full-text exclusion
BF00383197	2009	A result in 2d causal set theory: the emergence of spacetime	https://doi.org/10.1088/1742-6596/174/1/012049	related arXiv paper sections inspected
BF00383197	2012	Evidence for the continuum in 2D causal set quantum gravity	https://doi.org/10.1088/0264-9381/29/13/132001	title screened only; no full-text exclusion
BF00383197	2004	Active libraries and universal languages		title screened only; no full-text exclusion
BF00383197	2016	Onset of the Asymptotic Regime for (Uniformly Random) Finite Orders	https://doi.org/10.1080/10586458.2016.1158134	arXiv abstract/introduction inspected
BF00383197	2017	Finite size scaling in 2d causal set quantum gravity	https://doi.org/10.1088/1361-6382/aa9540	title screened only; no full-text exclusion
BF00383197	2002	A comparison of heuristics for list schedules using the Box-method and P-method for random digraph generation	https://doi.org/10.1109/ssst.1996.493549	title screened only; no full-text exclusion
BF00383197	1992	Random k-dimensional orders: Width and number of linear extensions	https://doi.org/10.1007/bf00420352	title screened only; no full-text exclusion
BF00383197	2019	Dimensionally restricted causal set quantum gravity: examples in two and three dimensions	https://doi.org/10.1088/1361-6382/ab60b7	title screened only; no full-text exclusion
BF00383197	2016	The mathematics of causal sets	https://doi.org/10.1007/978-3-319-24298-9_15	title screened only; no full-text exclusion
BF00383197	2021	Phase transitions in 2d orders coupled to the Ising model	https://doi.org/10.1088/1361-6382/abf1c5	title screened only; no full-text exclusion
BF00383197	1993	Random Structures and Zero-One Laws	https://doi.org/10.1007/978-94-011-2080-7_27	title screened only; no full-text exclusion
BF00383197	2018	The Ising model coupled to 2d orders	https://doi.org/10.1088/1361-6382/aab139	title screened only; no full-text exclusion
BF00383197	1998	Prime Two-dimensional Orders and Perpendicular Total Orders	https://doi.org/10.1006/eujc.1998.0214	publisher abstract only; full text priority queue
BF00383197	2021	Local structure of sprinkled causal sets	https://doi.org/10.1103/physrevd.103.086020	title screened only; no full-text exclusion
BF00383197	1995	Random high-dimensional orders	https://doi.org/10.2307/1428102	title screened only; no full-text exclusion
BF00383197	2008	Random Graph Generation Based p-Method and Box Method for the Evaluation of Power-Aware Routing Protocols of Ad hoc Networks	https://doi.org/10.3844/ajassp.2008.1662.1669	title screened only; no full-text exclusion
BF00383197	2002	Analysis of a random digraph generation technique used in the evaluation of parallel-processing static task allocation heuristics	https://doi.org/10.1109/ssst.1993.522826	title screened only; no full-text exclusion
BF00383197	1995	Random high-dimensional orders	https://doi.org/10.1017/s0001867800046292	title screened only; no full-text exclusion
BF00383197	2004	Mean and Insensitive. Random Permutations.	https://doi.org/10.1201/9780203494370.ch6	title screened only; no full-text exclusion
BF00383197	2012	Mean and Insensitive. Random Permutations	https://doi.org/10.1201/b12210-13	title screened only; no full-text exclusion
BF00383197	2000	References	https://doi.org/10.1002/9781118032718.refs	title screened only; no full-text exclusion
BF00383197	2025	Directed Acyclic Graph Topology Generators: A Survey	https://doi.org/10.1145/3778862	title screened only; no full-text exclusion
BF00582738	2009	Objective Reduction in Evolutionary Multiobjective Optimization: Theory and Applications	https://doi.org/10.1162/evco.2009.17.2.135	title screened only; no full-text exclusion
BF00582738	2010	On the Influence of the Number of Objectives on the Hardness of a Multiobjective Optimization Problem	https://doi.org/10.1109/tevc.2010.2064321	title screened only; no full-text exclusion
BF00582738	2007	Do additional objectives make a problem harder?	https://doi.org/10.1145/1276958.1277114	title screened only; no full-text exclusion
BF00582738	2009	On the Effects of Adding Objectives to Plateau Functions	https://doi.org/10.1109/tevc.2008.2009064	title screened only; no full-text exclusion
BF00582738	1994	Am empirical analysis of optimization techniques for terminological representation systems	https://doi.org/10.1007/bf00872105	title screened only; no full-text exclusion
BF00582738	2014	Evolutionary Path Control Strategy for Solving Many-Objective Optimization Problem	https://doi.org/10.1109/tcyb.2014.2334632	title screened only; no full-text exclusion
BF00582738	2014	Multi-objective evolutionary algorithms for energy-aware scheduling on distributed computing systems	https://doi.org/10.1016/j.asoc.2014.07.010	title screened only; no full-text exclusion
BF00582738	1995	The strong convergence of maximal degrees in uniform random recursive trees and dags	https://doi.org/10.1002/rsa.3240070102	title screened only; no full-text exclusion
BF00582738	2015	Many-Objective Problems: Challenges and Methods	https://doi.org/10.1007/978-3-662-43505-2_51	title screened only; no full-text exclusion
BF00582738	2013	CA-DAG: Communication-Aware Directed Acyclic Graphs for Modeling Cloud Computing Applications	https://doi.org/10.1109/cloud.2013.40	title screened only; no full-text exclusion
BF00582738	1988	The longest chain among random points in Euclidean space	https://doi.org/10.1090/s0002-9939-1988-0943043-6	title screened only; no full-text exclusion
BF00582738	2008	Evolutionary Multiobjective Optimization	https://doi.org/10.1007/978-3-540-92910-9_28	title screened only; no full-text exclusion
BF00582738	2015	What is the dimension of citation space?	https://doi.org/10.1016/j.physa.2015.12.053	title screened only; no full-text exclusion
BF00582738	2000	Sequential selection of an increasing sequence from a multidimensional random sample	https://doi.org/10.1214/aoap/1019737672	title screened only; no full-text exclusion
BF00582738	2009	Scheduling with uncertainties on new computing platforms	https://doi.org/10.1007/s10589-009-9311-0	title screened only; no full-text exclusion
BF00582738	2009	A New Genetic Algorithm for Scheduling for Large Communication Delays	https://doi.org/10.1007/978-3-642-03869-3_25	title screened only; no full-text exclusion
BF00582738	2018	Causal set generator and action computer	https://doi.org/10.1016/j.cpc.2018.06.008	title screened only; no full-text exclusion
BF00582738	2002	A comparison of heuristics for list schedules using the Box-method and P-method for random digraph generation	https://doi.org/10.1109/ssst.1996.493549	title screened only; no full-text exclusion
BF00582738	1992	Random k-dimensional orders: Width and number of linear extensions	https://doi.org/10.1007/bf00420352	title screened only; no full-text exclusion
BF00582738	1988	The computational complexity of asymptotic problems I: Partial orders	https://doi.org/10.1016/0890-5401(88)90032-6	title screened only; no full-text exclusion
BF00582738	2009	Plateaus can be harder in multi-objective optimization	https://doi.org/10.1016/j.tcs.2009.06.020	title screened only; no full-text exclusion
BF00582738	2016	The mathematics of causal sets	https://doi.org/10.1007/978-3-319-24298-9_15	title screened only; no full-text exclusion
BF00582738	2019	Asymptotics of pattern avoidance in the Klazar set partition and permutation-tuple settings	https://doi.org/10.1016/j.ejc.2019.07.003	title screened only; no full-text exclusion
BF00582738	2020	On random stable matchings: Cyclic ones with strict preferences and two-sided ones with partially ordered preferences	https://doi.org/10.1016/j.aam.2020.102061	title screened only; no full-text exclusion
BF00582738	2019	A Comparison of Random Task Graph Generation Methods for Scheduling Problems	https://doi.org/10.1007/978-3-030-29400-7_5	title screened only; no full-text exclusion
BF00582738	2025	Exploring the gravitational model for ranking influential nodes in directed acyclic networks	https://doi.org/10.1007/s13278-025-01500-4	title screened only; no full-text exclusion
BF00582738	1989	Laws in Logic and Combinatorics	https://doi.org/10.1007/978-94-009-2639-4_10	title screened only; no full-text exclusion
BF00582738	1989	Random graph orders	https://doi.org/10.1007/bf00341633	title screened only; no full-text exclusion
BF00582738	1993	Random Structures and Zero-One Laws	https://doi.org/10.1007/978-94-011-2080-7_27	title screened only; no full-text exclusion
BF00582738	1991	Random orders of dimension 2	https://doi.org/10.1007/bf00383197	full text compared
BF00582738	2019	Bottom-up approaches to achieve Pareto optimal agreements in group decision making	https://doi.org/10.1007/s10115-018-01325-y	title screened only; no full-text exclusion
BF00582738	2016	Heapability, Interactive Particle Systems, Partial Orders: Results and Open Problems	https://doi.org/10.1007/978-3-319-41114-9_2	title screened only; no full-text exclusion
BF00582738	2021	Local structure of sprinkled causal sets	https://doi.org/10.1103/physrevd.103.086020	title screened only; no full-text exclusion
BF00582738	2025	Bayesian inference for partial orders from random linear extensions: Power relations from 12th century royal acta	https://doi.org/10.1214/24-aoas2002	title screened only; no full-text exclusion
BF00582738	2007	Plateaus can be harder in multi-objective optimization	https://doi.org/10.1109/cec.2007.4424801	title screened only; no full-text exclusion
BF00582738	1985	Connectedness and diameter for random orders of fixed dimension	https://doi.org/10.1007/bf00334854	title screened only; no full-text exclusion
BF00582738	2010	An improved genetic algorithm for efficient scheduling on distributed memory parallel systems	https://doi.org/10.1109/aiccsa.2010.5587030	title screened only; no full-text exclusion
BF00582738	2018	Random Generation of Directed Acyclic Graphs for Planning and Allocation Tasks in Heterogeneous Distributed Computing Systems	https://doi.org/10.1007/978-3-030-01174-1_61	title screened only; no full-text exclusion
BF00582738	2023	Breaking multivariate records	https://doi.org/10.1214/23-ejp968	title screened only; no full-text exclusion
BF00582738	2026	Non-parametric Bayesian inference for partial orders with ties from rank data observed with Mallows noise	https://doi.org/10.1016/j.csda.2026.108445	title screened only; no full-text exclusion
BF00582738	1994	Infinitary queries and their asymptotic probabilities. II. Properties definable in least fixed point logic	https://doi.org/10.1002/rsa.3240050120	title screened only; no full-text exclusion
BF00582738	1991	Nonconvergence in the theory of random orders	https://doi.org/10.1007/bf00383198	title screened only; no full-text exclusion
BF00582738	1989	A counterexample in the theory of random orders	https://doi.org/10.1007/bf00353655	title screened only; no full-text exclusion
BF00582738	2005	Testing hereditary properties efficiently on average	https://doi.org/10.1007/bfb0019429	title screened only; no full-text exclusion
BF00582738	1995	Random high-dimensional orders	https://doi.org/10.2307/1428102	title screened only; no full-text exclusion
BF00582738	1990	On the number of k-realizations of an ordered set	https://doi.org/10.1007/bf00418654	author bibliography only; full text priority queue
BF00582738	1995	Random high-dimensional orders	https://doi.org/10.1017/s0001867800046292	title screened only; no full-text exclusion
BF00582738	2008	Stabilization for Parallel Applications	https://doi.org/10.1002/9780470611432.ch12	title screened only; no full-text exclusion
BF00582738	2012	Scaling Limits for Width Two Partially Ordered Sets: The Incomparability Window	https://doi.org/10.1007/s11083-011-9244-y	title screened only; no full-text exclusion
BF00582738	2010	Random Partial Orders Defined by Angular Domains	https://doi.org/10.1007/s11083-010-9172-2	title screened only; no full-text exclusion
BF00582738	1992	Random partial orders: concentration of the height	https://doi.org/10.1017/s0001867800024629	title screened only; no full-text exclusion
BF00582738	2019	Uniform random posets	https://doi.org/10.1016/j.ins.2019.12.018	title screened only; no full-text exclusion
BF00582738	2023	Many-objective (Combinatorial) Optimization is Easy	https://doi.org/10.1145/3583131.3590475	title screened only; no full-text exclusion
BF00582738	2023	Computer Simulations of Causal Sets	https://doi.org/10.1007/978-981-19-3079-9_77-1	title screened only; no full-text exclusion
BF00582738	2024	Increasing Parallelism in Forward-backward Distributed Algorithm for Finding Strongly Connected Components of Directed Graphs	https://doi.org/10.26636/jtit.2024.3.1693	title screened only; no full-text exclusion
BF00582738	2024	NEST: Node with Statistics Tree for IoT Data Persistence and Real-time Queries	https://doi.org/10.1145/3671016.3671393	title screened only; no full-text exclusion
BF00582738	2024	Computer Simulations of Causal Sets	https://doi.org/10.1007/978-981-99-7681-2_77	title screened only; no full-text exclusion
BF00582738	2025	Directed Acyclic Graph Topology Generators: A Survey	https://doi.org/10.1145/3778862	title screened only; no full-text exclusion
BF00582738	2026	Static Scheduling of DAG Workflows on Homogeneous Parallel Platforms Using Longest Betweenness Centrality	https://doi.org/10.1007/978-3-032-35251-4_1	title screened only; no full-text exclusion
